metric,value
CW1 duty-cycle (normal),0.30525076572465326
CW1 duty-cycle (pre-fail),0.16384073756231085
CW1 pressure mean (normal),0.9019607627420377
CW1 pressure mean (pre-fail),0.909171165453698
CW2 duty-cycle (normal),0.29477841085554657
CW2 duty-cycle (pre-fail),0.15989267756684072
